"","cell.subset","gene","logFC","FDR"
"1","Time 0","ABHD6",1.53400236178202,0.00964647852433685
"2","Time 1","ABHD6",2.59081795167245,0.00114480790193196
"3","Time 2","ABHD6",2.59806446397497,0.00247216731067974
"4","Time 0","ABT1",1.37371141537663,5.63609836389241e-05
"5","Time 1","ABT1",1.27637946962313,0.00042599790480164
"6","Time 2","ABT1",0.772018743283052,0.00380942010293575
"7","Time 0","AC005702.1",-3.10511872097573,2.79371282885877e-05
"8","Time 1","AC005702.1",-3.71681621925694,2.19867200045571e-05
"9","Time 2","AC005702.1",-3.26146682267482,0.000438800529066295
"10","Time 0","AC015802.6",-5.55021635426528,4.08970642428617e-05
"11","Time 1","AC015802.6",-5.44707904464023,0.000558040653876477
"12","Time 2","AC015802.6",-5.81856918859395,0.00087928547443927
"13","Time 0","AC233723.1",-3.08903993319635,4.55242934325379e-05
"14","Time 1","AC233723.1",-3.28565862496834,0.000284478433243115
"15","Time 2","AC233723.1",-2.69954291807052,0.00638032575863167
"16","Time 0","ADPRM",1.32327371579435,2.77533898287844e-05
"17","Time 1","ADPRM",1.55303982333805,0.00755050897980061
"18","Time 2","ADPRM",1.61248196348682,0.000364386368544948
"19","Time 0","ADSS1",-2.42177209743282,5.36705644293518e-05
"20","Time 1","ADSS1",-2.81670622922905,0.00129659613540262
"21","Time 2","ADSS1",-3.92843519867637,0.00222571598460425
"22","Time 0","AKR7A3",-5.0532745516314,1.69480985828829e-06
"23","Time 1","AKR7A3",-4.20053631614486,0.000122342085448989
"24","Time 2","AKR7A3",-3.80161887972007,0.00123557808987043
"25","Time 0","AL445524.2",2.53103640649766,0.00222999060609418
"26","Time 1","AL445524.2",2.38416705379473,0.00509458874494309
"27","Time 2","AL445524.2",2.60275731377978,0.00653980943691629
"28","Time 0","ANAPC2",-1.06316294463126,6.78774330158457e-05
"29","Time 1","ANAPC2",-1.30349387529923,0.00120996806112588
"30","Time 2","ANAPC2",-1.14179208416118,0.00173355867473257
"31","Time 0","ASAH2",-0.880797918617131,0.00444737139362985
"32","Time 1","ASAH2",-1.83706135411332,1.55525709802258e-05
"33","Time 2","ASAH2",-2.07764609767723,7.12647084024479e-05
"34","Time 0","ATP5MC2",-0.948534999078011,0.000642906172309461
"35","Time 1","ATP5MC2",-1.04735725363056,0.00299410334920556
"36","Time 2","ATP5MC2",-0.975546499503861,0.00652653264846556
"37","Time 0","ATP6AP2",0.615178291725043,0.00532473849406215
"38","Time 1","ATP6AP2",0.823832631482694,0.00603173731296736
"39","Time 2","ATP6AP2",1.15345405688424,0.00431599168023862
"40","Time 0","ATP6V1E2",2.31871631787528,0.000184970247191338
"41","Time 1","ATP6V1E2",3.26269483670828,0.000249312426215451
"42","Time 2","ATP6V1E2",3.30032403780027,0.000814105319288237
"43","Time 0","BCAP29",1.31298242355413,0.00376738464155789
"44","Time 1","BCAP29",1.51887504245008,0.00103824527161465
"45","Time 2","BCAP29",1.13828008643054,0.00159924625494437
"46","Time 0","BCAP31",4.59649955708961,2.93427089852117e-07
"47","Time 1","BCAP31",5.14874366753951,4.94258341377911e-07
"48","Time 2","BCAP31",4.28948510938653,1.80316177544535e-05
"49","Time 0","BSDC1",1.71412151199795,0.000385214564404906
"50","Time 1","BSDC1",2.23103060720481,0.000215241146917644
"51","Time 2","BSDC1",2.00910453623265,0.00112035554603539
"52","Time 0","C10orf143",-3.14526363222713,9.40595392455819e-06
"53","Time 1","C10orf143",-3.14779181654,0.000113776495137056
"54","Time 2","C10orf143",-2.17566933428458,1.80316177544535e-05
"55","Time 0","C11orf1",0.928117216903229,0.000813257193230296
"56","Time 1","C11orf1",0.921603048825702,0.00442193862428937
"57","Time 2","C11orf1",0.953488341534689,0.00537409651002752
"58","Time 0","C16orf91",1.40248523101397,2.132708891274e-05
"59","Time 1","C16orf91",1.15101797182817,0.000260412954862398
"60","Time 2","C16orf91",1.1483836200728,0.00348053147683649
"61","Time 0","C16orf95",-3.81649974763676,1.19060556520679e-05
"62","Time 1","C16orf95",-2.53442638618048,0.00114480790193196
"63","Time 2","C16orf95",-2.13353578120401,7.80876474281637e-05
"64","Time 0","C2orf92",-1.87616808527717,0.000935151204984135
"65","Time 1","C2orf92",-1.65077446114161,0.00294995018750274
"66","Time 2","C2orf92",-1.57424252149598,0.0050798544017531
"67","Time 0","C7orf31",-1.32013533204775,0.000373004661877923
"68","Time 1","C7orf31",-2.92451115583778,0.000290692090948137
"69","Time 2","C7orf31",-2.14069219503755,0.000708151464560125
"70","Time 0","CCDC90B",0.855434922236457,0.00466810891293935
"71","Time 1","CCDC90B",0.971875797897003,0.00576502588587795
"72","Time 2","CCDC90B",0.782613349149043,0.00859542633918062
"73","Time 0","CCNB1IP1",2.81226370509951,7.14958193067992e-06
"74","Time 1","CCNB1IP1",2.25778215734164,0.000307603629996768
"75","Time 2","CCNB1IP1",2.57383410004466,0.00163226092733797
"76","Time 0","CCNY",0.709547097762169,0.000157292937300427
"77","Time 1","CCNY",0.788237327736073,0.00114480790193196
"78","Time 2","CCNY",0.839910425505685,0.00896657454643363
"79","Time 0","CEP19",-0.848507782624715,0.000457393848160212
"80","Time 1","CEP19",-1.53543886856346,0.00114480790193196
"81","Time 2","CEP19",-0.941429842859506,0.00491769080569763
"82","Time 0","CLN3",-2.26790401689459,0.000140754329236583
"83","Time 1","CLN3",-2.59804771826704,0.000965863524711602
"84","Time 2","CLN3",-2.62427842088151,0.000568288790611297
"85","Time 0","COPG2",-1.43617072769878,4.52772082078552e-05
"86","Time 1","COPG2",-1.55096798916842,0.00450131042327672
"87","Time 2","COPG2",-1.34283958562924,0.00565524740147521
"88","Time 0","COX15",-0.903379089428607,7.8613004826728e-05
"89","Time 1","COX15",-1.28860254794347,9.75994086996946e-05
"90","Time 2","COX15",-1.17098628599931,0.00431599168023862
"91","Time 0","CPT1C",-2.63727461032946,0.00120733367376013
"92","Time 1","CPT1C",-3.13236876312023,0.00115101136245703
"93","Time 2","CPT1C",-2.78854687294402,0.00905967038369045
"94","Time 0","CROCC",-0.699280927506341,0.00167226601201256
"95","Time 1","CROCC",2.06805262600079,0.000102804633659911
"96","Time 2","CROCC",1.69055410991942,0.00431599168023862
"97","Time 0","CTSF",-6.69281878505961,1.49835154533335e-07
"98","Time 1","CTSF",-7.11490065044822,5.99786538087649e-06
"99","Time 2","CTSF",-7.71188074939315,5.47688534921499e-05
"100","Time 0","DDT",-4.05945195260105,1.15057893995897e-05
"101","Time 1","DDT",-4.72426898024326,0.000264735929075025
"102","Time 2","DDT",-4.34082172878532,0.000508289429162333
"103","Time 0","DDX59",1.92710131941363,0.000191627200917658
"104","Time 1","DDX59",1.90911377914481,0.000160878476660783
"105","Time 2","DDX59",1.5385102768224,0.00215722413271858
"106","Time 0","DHRS12",3.10530359019734,4.34243536451938e-05
"107","Time 1","DHRS12",3.69965942107883,4.23703176693214e-05
"108","Time 2","DHRS12",4.53963729743845,3.72393850561308e-07
"109","Time 0","DHTKD1",0.835690944378471,0.00965929487721058
"110","Time 1","DHTKD1",1.3278188824083,0.00389433512613346
"111","Time 2","DHTKD1",1.31386501734243,0.00870483792958115
"112","Time 0","DNAJC4",1.06440835410934,0.00130754916451277
"113","Time 1","DNAJC4",1.38367096624466,0.00462543430677526
"114","Time 2","DNAJC4",1.88251155135531,0.00031277157127518
"115","Time 0","DPH3",1.60710482255774,2.58822304185818e-05
"116","Time 1","DPH3",0.981499068521435,0.00170463057565462
"117","Time 2","DPH3",0.863519885605871,0.00812120060444693
"118","Time 0","DPY19L2",-1.2458538423039,0.00133618852224035
"119","Time 1","DPY19L2",-2.24425236428986,0.000627899479781645
"120","Time 2","DPY19L2",-2.25039915151094,0.00659992805295743
"121","Time 0","EGFL7",0.910975417243581,0.00127410529160917
"122","Time 1","EGFL7",2.1696539458181,0.00755050897980061
"123","Time 2","EGFL7",2.89605344849822,0.00749916692573289
"124","Time 0","EI24",1.17617624138292,0.000815610231293769
"125","Time 1","EI24",0.761306016946065,0.00577431282566041
"126","Time 2","EI24",0.707457628328307,0.00357083736504203
"127","Time 0","EMD",0.878774212990145,0.00178282062855945
"128","Time 1","EMD",0.573888633798151,0.00467484590388947
"129","Time 2","EMD",0.58181089117251,0.000278131812010279
"130","Time 0","EOLA1",3.66184645659211,4.50787093873718e-05
"131","Time 1","EOLA1",3.11184195127015,2.19867200045571e-05
"132","Time 2","EOLA1",3.08841506089096,4.68974148137177e-05
"133","Time 0","EXOSC3",2.13418613307063,2.79371282885877e-05
"134","Time 1","EXOSC3",1.4832183063609,0.00154237769532374
"135","Time 2","EXOSC3",1.31649764145763,0.00695523255527766
"136","Time 0","EXOSC4",9.99434756726752,1.00041284551186e-07
"137","Time 1","EXOSC4",10.3379964231714,8.71982234966815e-07
"138","Time 2","EXOSC4",10.8378106615463,1.04522421171626e-05
"139","Time 0","FAHD2A",1.11776831163971,0.0025855367190602
"140","Time 1","FAHD2A",1.92862708323649,0.000122342085448989
"141","Time 2","FAHD2A",1.50129209548925,0.0050798544017531
"142","Time 0","FAM227B",3.25802326350241,3.36002431026733e-05
"143","Time 1","FAM227B",2.83615257309875,0.000851237267275707
"144","Time 2","FAM227B",2.75108421047256,0.00214205142761242
"145","Time 0","FCGBP",-3.13248020319292,2.89865293477975e-05
"146","Time 1","FCGBP",-5.60516669051362,0.000111550486496695
"147","Time 2","FCGBP",-4.48731824640485,0.000300432129208005
"148","Time 0","FKBP1C",-6.35756785253214,8.23731774050733e-07
"149","Time 1","FKBP1C",-5.8441514778337,5.54677680828508e-07
"150","Time 2","FKBP1C",-6.21073052353662,0.000745359332449869
"151","Time 0","GAS8",-1.06545445919974,0.000996792077809023
"152","Time 1","GAS8",-2.46658092037434,0.000132369556592112
"153","Time 2","GAS8",-4.06220372576826,5.47954835810382e-05
"154","Time 0","GEMIN6",-0.807478426121053,0.00600355724493673
"155","Time 1","GEMIN6",-1.12899047738805,0.0066676979313285
"156","Time 2","GEMIN6",-1.13024444561116,0.000745359332449869
"157","Time 0","GNB5",0.659436004664662,0.00383000610762754
"158","Time 1","GNB5",2.07917344888292,0.00433533623440149
"159","Time 2","GNB5",1.83493861142893,0.000568288790611297
"160","Time 0","GOSR1",2.44457119220953,6.03249345674461e-05
"161","Time 1","GOSR1",1.96876531792821,0.00026857394285837
"162","Time 2","GOSR1",1.65139351703194,0.00244608839918235
"163","Time 0","GRHPR",0.905737215844408,0.00227491563410917
"164","Time 1","GRHPR",0.661993304565117,0.000706260258961099
"165","Time 2","GRHPR",0.627268050021331,0.00647062349957737
"166","Time 0","GSTT2B",-3.94160732797534,0.00102708677704441
"167","Time 1","GSTT2B",-6.0911086428402,0.00134651898841315
"168","Time 2","GSTT2B",-5.65780063329334,0.00266134687474077
"169","Time 0","GTPBP6",1.15736951598621,0.00160870267826153
"170","Time 1","GTPBP6",1.24550257110698,0.000582149074181756
"171","Time 2","GTPBP6",1.28201834933252,0.00218458531630382
"172","Time 0","HAUS2",-0.73067547067209,0.00969947831577384
"173","Time 1","HAUS2",-1.07351649103417,0.00395936086695364
"174","Time 2","HAUS2",-0.85727876157801,8.18287981781519e-05
"175","Time 0","HEBP2",2.65109014022379,0.00120733367376013
"176","Time 1","HEBP2",3.42966127462527,0.00011594687662185
"177","Time 2","HEBP2",3.01711006041587,0.000278131812010279
"178","Time 0","HHLA3",4.64437097876942,7.32331089942501e-06
"179","Time 1","HHLA3",4.21391241953349,5.30818451494874e-05
"180","Time 2","HHLA3",4.69361281881744,8.78766366584264e-06
"181","Time 0","HLA-A",10.3497725216897,1.47568298187187e-06
"182","Time 1","HLA-A",10.9807645229652,6.22944293587814e-06
"183","Time 2","HLA-A",9.96224000477787,5.47954835810382e-05
"184","Time 0","HPS4",-0.92703453849429,0.000497116630433615
"185","Time 1","HPS4",-0.805219395161572,0.000122342085448989
"186","Time 2","HPS4",-0.716728762709967,0.00528267743346497
"187","Time 0","HUS1",1.22637870186757,0.00675402902893901
"188","Time 1","HUS1",1.41234102199839,0.000493516234440985
"189","Time 2","HUS1",1.21918570768415,0.00651516796447762
"190","Time 0","IFNAR1",1.77398820736413,2.91843907631226e-07
"191","Time 1","IFNAR1",0.801289136897687,0.000361431090845462
"192","Time 2","IFNAR1",1.05991125531869,0.00121516567471063
"193","Time 0","IFNAR2",-2.30564324757812,8.57005202026284e-05
"194","Time 1","IFNAR2",-2.10134368885536,6.22944293587814e-06
"195","Time 2","IFNAR2",-1.85974736198627,0.00251196810843344
"196","Time 0","IFT27",1.13147789699471,0.000597879054529727
"197","Time 1","IFT27",1.30729492163481,0.00257520651536629
"198","Time 2","IFT27",1.32014679485642,1.36639367301817e-05
"199","Time 0","IMPACT",1.0938856147856,0.000110699831091371
"200","Time 1","IMPACT",1.40470354891683,0.00797957423208915
"201","Time 2","IMPACT",1.55671315866529,0.00775115122000605
"202","Time 0","INO80E",-0.788859807497245,0.000373004661877923
"203","Time 1","INO80E",-0.870056007818098,0.000563361680759717
"204","Time 2","INO80E",-1.13000750407192,1.80316177544535e-05
"205","Time 0","ITGAE",2.38827304159869,3.63248962740068e-05
"206","Time 1","ITGAE",2.41089624446646,9.91653205042112e-07
"207","Time 2","ITGAE",1.56527446949946,0.00279864414335315
"208","Time 0","KCTD1",1.13888335509251,0.00148882635263699
"209","Time 1","KCTD1",1.09303433538682,0.00523819109172117
"210","Time 2","KCTD1",0.911379393398703,0.00284598992345274
"211","Time 0","KRT10",1.2698489608872,0.00126189754173575
"212","Time 1","KRT10",1.07743244878409,0.00224836959389372
"213","Time 2","KRT10",1.02887370523232,0.00406184189696589
"214","Time 0","LRIG2",1.97823507655637,0.000107273181061037
"215","Time 1","LRIG2",1.57605639296062,9.28795253137148e-05
"216","Time 2","LRIG2",1.68177422673701,0.000715105904773251
"217","Time 0","LRPPRC",-0.459474769679023,0.00171322812803207
"218","Time 1","LRPPRC",-0.544048775665892,0.00338321611322945
"219","Time 2","LRPPRC",-0.522778491267081,0.00687439197903302
"220","Time 0","MAGIX",1.31387700677942,0.00176157735922493
"221","Time 1","MAGIX",1.71662472451674,0.00524954851998128
"222","Time 2","MAGIX",1.73202677689052,0.00459018761053023
"223","Time 0","MED29",-0.651819205605338,0.00531937504167666
"224","Time 1","MED29",-0.842385507377492,0.00403724937979337
"225","Time 2","MED29",-1.0114990035587,0.0030718152086947
"226","Time 0","MEIG1",-3.60146188620629,0.000833383525288268
"227","Time 1","MEIG1",-3.77966007021088,0.000150640313361633
"228","Time 2","MEIG1",-3.57626529303598,0.00123557808987043
"229","Time 0","MEIOB",-6.20448290241712,2.93427089852117e-07
"230","Time 1","MEIOB",-8.26669186692827,5.56182423042729e-08
"231","Time 2","MEIOB",-7.86198907629529,3.71474057932311e-05
"232","Time 0","MTHFSD",-1.36342100119458,7.92639737053471e-05
"233","Time 1","MTHFSD",-1.27611236922466,5.54677680828508e-07
"234","Time 2","MTHFSD",-1.11686641322547,0.00483249442899333
"235","Time 0","MYL5",1.77463091504189,0.00923787534173149
"236","Time 1","MYL5",3.10669308746488,0.00139254085348003
"237","Time 2","MYL5",2.86839298909054,0.000278131812010279
"238","Time 0","NAA16",-0.59950055160637,0.00751698413199611
"239","Time 1","NAA16",-0.955188971788554,0.00404477413503459
"240","Time 2","NAA16",-0.850496782093622,0.0026875423469752
"241","Time 0","NEIL1",-0.997724715210415,0.00244575326722416
"242","Time 1","NEIL1",-1.58417006718395,0.00868955445700453
"243","Time 2","NEIL1",-1.20582594790481,0.00494079270271379
"244","Time 0","NPIPB5",1.67264427354147,1.03782256865256e-05
"245","Time 1","NPIPB5",2.36806565078677,0.000110089697516895
"246","Time 2","NPIPB5",2.49803777842384,0.000531360108909159
"247","Time 0","NSMCE1",-1.51845258016739,0.00306138238126713
"248","Time 1","NSMCE1",-1.57631060210367,0.00225934639045354
"249","Time 2","NSMCE1",-1.42306879401821,0.00449576362033139
"250","Time 0","OARD1",-0.912607710063154,0.000761677669364376
"251","Time 1","OARD1",-0.989107386475958,0.00122602206265777
"252","Time 2","OARD1",-0.843472785154496,0.00618316039328415
"253","Time 0","OCIAD2",2.19773928016974,0.00758411147880983
"254","Time 1","OCIAD2",5.44631842101689,0.0067252426089679
"255","Time 2","OCIAD2",5.10753459853291,0.00731899706231492
"256","Time 0","ORAI3",-1.83986781222875,2.21661890122985e-05
"257","Time 1","ORAI3",-1.88173595794117,0.00427757730771377
"258","Time 2","ORAI3",-1.86678733825574,0.00244608839918235
"259","Time 0","PBLD",-3.38069923196075,1.69480985828829e-06
"260","Time 1","PBLD",-1.63587583656919,0.00371827735836637
"261","Time 2","PBLD",-1.81592411697834,0.00412641300348344
"262","Time 0","PCNX3",1.03041111759158,0.00472737918510715
"263","Time 1","PCNX3",1.07040157169351,0.00468587887264472
"264","Time 2","PCNX3",1.48806154494531,0.00306419485315128
"265","Time 0","PDHA1",1.24303014427751,0.000809095938906506
"266","Time 1","PDHA1",1.42894066922888,0.000813383363392379
"267","Time 2","PDHA1",1.17907595843591,0.00113123026743928
"268","Time 0","PGAM5",1.97289455766525,1.44919089175908e-05
"269","Time 1","PGAM5",2.44039007701222,1.59651567058615e-05
"270","Time 2","PGAM5",1.86576884808876,0.000663535180525118
"271","Time 0","PHOSPHO2",-1.33957084569858,0.00119996867874083
"272","Time 1","PHOSPHO2",-1.42878055351669,0.00176362742779395
"273","Time 2","PHOSPHO2",-1.57111405452764,0.00214205142761242
"274","Time 0","PIGL",1.5150274146493,0.000106240081464547
"275","Time 1","PIGL",1.46654009724073,0.00450131042327672
"276","Time 2","PIGL",1.64925475588151,0.000693411433282768
"277","Time 0","POLR1B",-1.04145291078075,0.0012330459847614
"278","Time 1","POLR1B",-1.36464176623075,0.00218239019174028
"279","Time 2","POLR1B",-1.32170204818925,0.00150187954940125
"280","Time 0","PPP1R3F",0.882324674885957,0.00524378796319154
"281","Time 1","PPP1R3F",2.0235954409305,0.00288202233101531
"282","Time 2","PPP1R3F",2.45589074582377,0.00302747057279625
"283","Time 0","PRIM2",1.67133648657677,2.60095504224577e-05
"284","Time 1","PRIM2",1.89718752538924,0.00422914805900181
"285","Time 2","PRIM2",1.67421684095333,0.00311470180403386
"286","Time 0","PSEN2",3.06592320307166,6.84177988396603e-07
"287","Time 1","PSEN2",3.61815868007373,0.000187092455347061
"288","Time 2","PSEN2",2.89551306456964,0.0027247973914691
"289","Time 0","RAB33B",-1.03414038655913,0.000233800833353882
"290","Time 1","RAB33B",-1.12895690890651,0.000260412954862398
"291","Time 2","RAB33B",-0.473312447589431,0.00652653264846556
"292","Time 0","RABL2B",1.45480868178157,0.000724382820901238
"293","Time 1","RABL2B",1.38966275263931,0.000176348589028434
"294","Time 2","RABL2B",1.6611570260051,0.000395749764792874
"295","Time 0","RAD52",-0.848922702059508,0.00874231778773595
"296","Time 1","RAD52",-1.30161463802402,0.000101805042353914
"297","Time 2","RAD52",-0.832584794844944,0.0025031041189955
"298","Time 0","RGS14",2.07158577505268,0.000972793584633314
"299","Time 1","RGS14",2.81551002179739,0.003904626417272
"300","Time 2","RGS14",3.05741574142507,0.00613531071639872
"301","Time 0","RNASEH1",1.40179738281454,3.34477156319309e-05
"302","Time 1","RNASEH1",1.29846677019803,7.69548107668196e-06
"303","Time 2","RNASEH1",1.43682966158041,0.00150187954940125
"304","Time 0","RRS1",2.53109190094746,2.31769941192778e-05
"305","Time 1","RRS1",3.0671428302142,0.000246654642912038
"306","Time 2","RRS1",2.79759571792776,0.000296879712083421
"307","Time 0","SAT2",-1.01773769557031,0.000288129576870959
"308","Time 1","SAT2",-1.11855677687803,0.00468587887264472
"309","Time 2","SAT2",-1.44260436500696,0.00215722413271858
"310","Time 0","SDCCAG8",1.72743782295239,0.00474089300769391
"311","Time 1","SDCCAG8",2.07973912765765,0.00403724937979337
"312","Time 2","SDCCAG8",1.65680721145971,0.00116498028239209
"313","Time 0","SDR39U1",1.64831731141765,6.70676011653822e-05
"314","Time 1","SDR39U1",0.999667729439653,0.00986566992507558
"315","Time 2","SDR39U1",1.15041983109294,0.00431599168023862
"316","Time 0","SENP3",-2.15957799024906,0.00025778452449077
"317","Time 1","SENP3",-2.35138723818908,0.000896383596156911
"318","Time 2","SENP3",-2.18065600916652,0.00459018761053023
"319","Time 0","SH3YL1",1.41159163492766,0.000940338247961464
"320","Time 1","SH3YL1",1.56667797114014,0.00808601854443379
"321","Time 2","SH3YL1",1.39775756400435,0.0027247973914691
"322","Time 0","SHLD2",3.56929245375456,0.000174376326402785
"323","Time 1","SHLD2",2.81608229469642,0.000239466584333702
"324","Time 2","SHLD2",2.66791528655661,7.53054595643543e-09
"325","Time 0","SIRT5",-1.21697971262952,0.00013432710268197
"326","Time 1","SIRT5",-1.51840810029479,0.000646433781759845
"327","Time 2","SIRT5",-1.12528992075025,0.00652653264846556
"328","Time 0","SLC25A51",1.60850550840291,3.97585524255769e-05
"329","Time 1","SLC25A51",1.57414665371201,0.000211041248877976
"330","Time 2","SLC25A51",1.53376077671509,0.0060739007647199
"331","Time 0","SLC27A5",3.25474690564564,4.26695982700788e-05
"332","Time 1","SLC27A5",2.98424380321224,0.00257520651536629
"333","Time 2","SLC27A5",3.05214061538641,0.000364386368544948
"334","Time 0","SLC52A2",1.09085867418365,0.000401294879004396
"335","Time 1","SLC52A2",1.05514250065644,0.00246600358176348
"336","Time 2","SLC52A2",0.826318729903339,0.00163400086419363
"337","Time 0","SLC66A2",1.68942630623403,0.000280657021921079
"338","Time 1","SLC66A2",1.6283566302533,0.00116112563652642
"339","Time 2","SLC66A2",0.978189221620209,0.00222571598460425
"340","Time 0","SLC6A8",8.42739197241114,9.88976755775585e-07
"341","Time 1","SLC6A8",9.4761446285365,6.39978776140057e-06
"342","Time 2","SLC6A8",9.05620058108649,2.17418788402673e-06
"343","Time 0","SNRNP40",1.42393254081561,0.000520797209257272
"344","Time 1","SNRNP40",1.20855416818326,0.00164459804784055
"345","Time 2","SNRNP40",1.00738305929536,0.00436998159005282
"346","Time 0","SNX3",1.07984141403954,6.03249345674461e-05
"347","Time 1","SNX3",1.17900631561623,0.000558040653876477
"348","Time 2","SNX3",1.04232277011467,0.00814887908282727
"349","Time 0","SPA17",1.83648869092899,0.000157292937300427
"350","Time 1","SPA17",3.02676114989904,0.000612654067782497
"351","Time 2","SPA17",2.64968480132356,0.000814105319288237
"352","Time 0","SPATA33",1.50537308714054,4.55242934325379e-05
"353","Time 1","SPATA33",1.47922982977776,0.000117925047868789
"354","Time 2","SPATA33",1.31286505494991,0.000701892175865798
"355","Time 0","SPATC1L",2.43018595720121,0.000112731830200314
"356","Time 1","SPATC1L",3.26077991216404,0.00122004244978296
"357","Time 2","SPATC1L",2.9288087969478,0.000508289429162333
"358","Time 0","SRRD",3.03904614526675,9.98684842624717e-07
"359","Time 1","SRRD",2.78776136873397,5.54677680828508e-07
"360","Time 2","SRRD",2.79980160717773,3.02129101565962e-07
"361","Time 0","STYXL1",2.85415371747176,6.78774330158457e-05
"362","Time 1","STYXL1",2.45025017846309,2.30037679327776e-05
"363","Time 2","STYXL1",2.42196394175645,0.000644578066400872
"364","Time 0","TCTN3",0.764659557485111,8.1038057981477e-05
"365","Time 1","TCTN3",1.57370099074959,0.000650096009112682
"366","Time 2","TCTN3",1.47319089361501,0.000278131812010279
"367","Time 0","THAP4",1.06430738571429,0.000112205243319832
"368","Time 1","THAP4",1.11494520046325,0.00263831093413032
"369","Time 2","THAP4",1.06982789204587,0.000469449971352708
"370","Time 0","TKFC",-1.16914279580335,0.00225975499752691
"371","Time 1","TKFC",-1.47335914191352,0.00603998594023605
"372","Time 2","TKFC",-0.954757304561254,0.0040063843714301
"373","Time 0","TLCD5",1.89072662733816,3.68250339394136e-06
"374","Time 1","TLCD5",1.92903247347067,0.000706260258961099
"375","Time 2","TLCD5",1.97070059397512,0.000296879712083421
"376","Time 0","TMEM138",1.7177158175136,4.70236836630571e-06
"377","Time 1","TMEM138",1.45183100432175,3.8067090087041e-05
"378","Time 2","TMEM138",1.58292998293925,0.00113212169796022
"379","Time 0","TMEM220",-1.35930063419388,6.24938305071955e-06
"380","Time 1","TMEM220",-2.98261826335079,2.31989981634144e-05
"381","Time 2","TMEM220",-2.34759803912082,0.00120121019687645
"382","Time 0","TOMM22",1.72312901743644,3.07994746945516e-05
"383","Time 1","TOMM22",1.82338979568127,0.00023246978583626
"384","Time 2","TOMM22",1.57670561371552,0.00200268425174161
"385","Time 0","TRAPPC6A",2.59041618771516,0.000135790791185031
"386","Time 1","TRAPPC6A",2.44328952903514,0.00130887647476925
"387","Time 2","TRAPPC6A",3.10279308059474,0.00348868421953162
"388","Time 0","TRIM52",-2.52021679728575,1.28888391673458e-07
"389","Time 1","TRIM52",-2.71985525470582,6.22944293587814e-06
"390","Time 2","TRIM52",-2.99019549056448,2.17418788402673e-06
"391","Time 0","TSTD3",1.33219372305688,9.20033349942315e-05
"392","Time 1","TSTD3",1.39940677270323,0.00291620649861496
"393","Time 2","TSTD3",1.65128730494397,0.000999759700585366
"394","Time 0","TTC32",-1.14637736557781,0.00841061106192264
"395","Time 1","TTC32",-2.58055164993846,8.2153158103595e-06
"396","Time 2","TTC32",-2.82694101614575,1.36639367301817e-05
"397","Time 0","TTC38",-0.994946129736714,0.000281699735639077
"398","Time 1","TTC38",-1.67662281472362,2.31989981634144e-05
"399","Time 2","TTC38",-1.82979902149194,4.27345092118318e-06
"400","Time 0","TTC5",0.988260426329581,0.0013286942550711
"401","Time 1","TTC5",1.43250216135313,0.000276042944436487
"402","Time 2","TTC5",0.802994556258733,0.0060081839770815
"403","Time 0","TXNL4A",0.556171479677745,0.0040982467101003
"404","Time 1","TXNL4A",1.09747322746371,0.00838196304588277
"405","Time 2","TXNL4A",1.0084809542128,0.0027247973914691
"406","Time 0","UBA52",-1.04922832045526,0.00018322951168282
"407","Time 1","UBA52",-1.34394419411824,0.000505385948305289
"408","Time 2","UBA52",-1.5249334720831,0.00226659029527524
"409","Time 0","UBE3B",-0.813096839641807,0.000158157322941303
"410","Time 1","UBE3B",-0.887116501805145,0.000869991856840929
"411","Time 2","UBE3B",-0.705278725528573,0.00661808566507746
"412","Time 0","UTP11",1.12194941843606,0.000317140374479172
"413","Time 1","UTP11",1.3711840970592,0.00360579147558741
"414","Time 2","UTP11",1.39074465954515,0.00431599168023862
"415","Time 0","YY2",1.26758958782336,0.00655194972075504
"416","Time 1","YY2",2.32656911073406,0.000383726372461577
"417","Time 2","YY2",2.60547533572313,0.00709624017914469
"418","Time 0","ZFAND1",1.02358309881011,0.00130519186614209
"419","Time 1","ZFAND1",1.16961996566326,0.00103595150288626
"420","Time 2","ZFAND1",1.34444710810288,0.00661877527645208
"421","Time 0","ZFAND2B",1.33578768628025,5.51613958348162e-05
"422","Time 1","ZFAND2B",1.86168607956239,5.08156207282595e-05
"423","Time 2","ZFAND2B",1.37257315036704,0.00462548333092466
"424","Time 0","ZHX1-C8orf76",0.99503260582085,0.00203614833566724
"425","Time 1","ZHX1-C8orf76",1.92036477360875,0.000261834293758787
"426","Time 2","ZHX1-C8orf76",1.65281365700921,1.13155909784569e-05
"427","Time 0","ZNF17",-1.27137368256754,0.000319182246548389
"428","Time 1","ZNF17",-0.961441811707192,0.0027391072530834
"429","Time 2","ZNF17",-0.959509405724436,0.0032322595037374
"430","Time 0","ZNF611",-3.00271194794146,0.000243269969993351
"431","Time 1","ZNF611",-3.87933940984284,0.000247073915075705
"432","Time 2","ZNF611",-4.75760872261077,0.00270314478802027
"433","Time 0","ZNF721",1.56451306316952,0.00741007521233261
"434","Time 1","ZNF721",1.86703957651816,0.00721258418288639
"435","Time 2","ZNF721",1.62347537840236,0.000814105319288237
"436","Time 0","ZNF79",-1.84676792345069,0.000132895618070338
"437","Time 1","ZNF79",-1.67562320687336,0.00205632382592182
"438","Time 2","ZNF79",-1.80563078914842,0.00055093204930848
"439","Time 0","ZNF81",1.69287261071852,0.000282680696130174
"440","Time 1","ZNF81",1.53695372181427,0.00317676660422914
"441","Time 2","ZNF81",1.1781427635197,0.0071039950639945
"442","Time 0","ZSCAN30",1.01791078215702,0.00306392879605479
"443","Time 1","ZSCAN30",1.24341970608114,0.000684294992738093
"444","Time 2","ZSCAN30",1.31599391792302,0.00945282371735173
"445","Time 0","ZSCAN9",1.05463443479236,0.000112205243319832
"446","Time 1","ZSCAN9",1.1579813073855,5.11881030080035e-05
"447","Time 2","ZSCAN9",0.6516586678866,0.00364464091962977
"448","Time 0","ZSWIM1",-1.1314256374631,0.00594377505159771
"449","Time 1","ZSWIM1",-1.37238682170913,0.000187092455347061
"450","Time 2","ZSWIM1",-1.28738063744736,0.00896657454643363
